Well,Primer P2 ,Sample Alias,Sample Identity,Index,Primer P2 Sequence
A01,IT001,Sbar_1,T0 S inoculum,ATCACG ,CAAGCAGAAGACGGCATACGAGATCGTGATGTGACTGGAGTTCAGACGTGTGCTCTTCCGATCTGATGTCCACGAGGTCTCT
A02,IT002,Sbar_2,T0 S inoculum,CGATGT ,CAAGCAGAAGACGGCATACGAGATACATCGGTGACTGGAGTTCAGACGTGTGCTCTTCCGATCTGATGTCCACGAGGTCTCT
A03,IT003,Sbar_3,T0 S inoculum,TTAGGC ,CAAGCAGAAGACGGCATACGAGATGCCTAAGTGACTGGAGTTCAGACGTGTGCTCTTCCGATCTGATGTCCACGAGGTCTCT
A04,IT004,Sbar_4,T0 S inoculum,TGACCA ,CAAGCAGAAGACGGCATACGAGATTGGTCAGTGACTGGAGTTCAGACGTGTGCTCTTCCGATCTGATGTCCACGAGGTCTCT
A05,IT005,Sbar_5,T0 S inoculum,ACAGTG ,CAAGCAGAAGACGGCATACGAGATCACTGTGTGACTGGAGTTCAGACGTGTGCTCTTCCGATCTGATGTCCACGAGGTCTCT
A06,IT006,Sbar_6,T2 S mut,GCCAAT ,CAAGCAGAAGACGGCATACGAGATATTGGCGTGACTGGAGTTCAGACGTGTGCTCTTCCGATCTGATGTCCACGAGGTCTCT
A07,IT007,Sbar_7,T2 S mut,CAGATC ,CAAGCAGAAGACGGCATACGAGATGATCTGGTGACTGGAGTTCAGACGTGTGCTCTTCCGATCTGATGTCCACGAGGTCTCT
A08,IT008,Sbar_8,T2 S mut,ACTTGA ,CAAGCAGAAGACGGCATACGAGATTCAAGTGTGACTGGAGTTCAGACGTGTGCTCTTCCGATCTGATGTCCACGAGGTCTCT
A09,IT009,Sbar_9,T2 S mut,GATCAG ,CAAGCAGAAGACGGCATACGAGATCTGATCGTGACTGGAGTTCAGACGTGTGCTCTTCCGATCTGATGTCCACGAGGTCTCT
A10,IT010,Sbar_10,T2 S mut,TAGCTT ,CAAGCAGAAGACGGCATACGAGATAAGCTAGTGACTGGAGTTCAGACGTGTGCTCTTCCGATCTGATGTCCACGAGGTCTCT
A11,IT011,Sbar_11,T3 SE mut,GGCTAC ,CAAGCAGAAGACGGCATACGAGATGTAGCCGTGACTGGAGTTCAGACGTGTGCTCTTCCGATCTGATGTCCACGAGGTCTCT
A12,IT012,Sbar_12,T3 SE mut,CTTGTA ,CAAGCAGAAGACGGCATACGAGATTACAAGGTGACTGGAGTTCAGACGTGTGCTCTTCCGATCTGATGTCCACGAGGTCTCT
B01,IT013,Sbar_13,T3 SE mut,AGTCAA ,CAAGCAGAAGACGGCATACGAGATTTGACTGTGACTGGAGTTCAGACGTGTGCTCTTCCGATCTGATGTCCACGAGGTCTCT
B02,IT014,Sbar_14,T3 SE mut,AGTTCC ,CAAGCAGAAGACGGCATACGAGATGGAACTGTGACTGGAGTTCAGACGTGTGCTCTTCCGATCTGATGTCCACGAGGTCTCT
B03,IT015,Sbar_15,T3 SE mut,ATGTCA ,CAAGCAGAAGACGGCATACGAGATTGACATGTGACTGGAGTTCAGACGTGTGCTCTTCCGATCTGATGTCCACGAGGTCTCT
B04,IT016,Sbar_16,T5 SM mut,CCGTCC ,CAAGCAGAAGACGGCATACGAGATGGACGGGTGACTGGAGTTCAGACGTGTGCTCTTCCGATCTGATGTCCACGAGGTCTCT
B05,IT017,Sbar_17,T5 SM mut,GTAGAG ,CAAGCAGAAGACGGCATACGAGATCTCTACGTGACTGGAGTTCAGACGTGTGCTCTTCCGATCTGATGTCCACGAGGTCTCT
B06,IT018,Sbar_18,T5 SM mut,GTCCGC ,CAAGCAGAAGACGGCATACGAGATGCGGACGTGACTGGAGTTCAGACGTGTGCTCTTCCGATCTGATGTCCACGAGGTCTCT
B07,IT019,Sbar_19,T5 SM mut,GTGAAA ,CAAGCAGAAGACGGCATACGAGATTTTCACGTGACTGGAGTTCAGACGTGTGCTCTTCCGATCTGATGTCCACGAGGTCTCT
B08,IT020,Sbar_20,T5 SM mut,GTGGCC ,CAAGCAGAAGACGGCATACGAGATGGCCACGTGACTGGAGTTCAGACGTGTGCTCTTCCGATCTGATGTCCACGAGGTCTCT
B09,IT021,Sbar_21,T5 SEM mut,GTTTCG ,CAAGCAGAAGACGGCATACGAGATCGAAACGTGACTGGAGTTCAGACGTGTGCTCTTCCGATCTGATGTCCACGAGGTCTCT
B10,IT022,Sbar_22,T5 SEM mut,CGTACG ,CAAGCAGAAGACGGCATACGAGATCGTACGGTGACTGGAGTTCAGACGTGTGCTCTTCCGATCTGATGTCCACGAGGTCTCT
B11,IT023,Sbar_23,T5 SEM mut,GAGTGG ,CAAGCAGAAGACGGCATACGAGATCCACTCGTGACTGGAGTTCAGACGTGTGCTCTTCCGATCTGATGTCCACGAGGTCTCT
B12,IT024,Sbar_24,T5 SEM mut,GGTAGC ,CAAGCAGAAGACGGCATACGAGATGCTACCGTGACTGGAGTTCAGACGTGTGCTCTTCCGATCTGATGTCCACGAGGTCTCT
C01,IT025,Sbar_25,T5 SEM mut,ACTGAT ,CAAGCAGAAGACGGCATACGAGATATCAGTGTGACTGGAGTTCAGACGTGTGCTCTTCCGATCTGATGTCCACGAGGTCTCT
C02,IT026,Sbar_26,T6 S comp,ATGAGC ,CAAGCAGAAGACGGCATACGAGATGCTCATGTGACTGGAGTTCAGACGTGTGCTCTTCCGATCTGATGTCCACGAGGTCTCT
C03,IT027,Sbar_27,T6 S comp,ATTCCT ,CAAGCAGAAGACGGCATACGAGATAGGAATGTGACTGGAGTTCAGACGTGTGCTCTTCCGATCTGATGTCCACGAGGTCTCT
C04,IT028,Sbar_28,T6 S comp,CAAAAG ,CAAGCAGAAGACGGCATACGAGATCTTTTGGTGACTGGAGTTCAGACGTGTGCTCTTCCGATCTGATGTCCACGAGGTCTCT
C05,IT029,Sbar_29,T6 S comp,CAACTA ,CAAGCAGAAGACGGCATACGAGATTAGTTGGTGACTGGAGTTCAGACGTGTGCTCTTCCGATCTGATGTCCACGAGGTCTCT
C06,IT030,Sbar_30,T6 S comp,CACCGG ,CAAGCAGAAGACGGCATACGAGATCCGGTGGTGACTGGAGTTCAGACGTGTGCTCTTCCGATCTGATGTCCACGAGGTCTCT
C07,IT031,Sbar_31,T6 SE comp,CACGAT ,CAAGCAGAAGACGGCATACGAGATATCGTGGTGACTGGAGTTCAGACGTGTGCTCTTCCGATCTGATGTCCACGAGGTCTCT
C08,IT032,Sbar_32,T6 SE comp,CACTCA ,CAAGCAGAAGACGGCATACGAGATTGAGTGGTGACTGGAGTTCAGACGTGTGCTCTTCCGATCTGATGTCCACGAGGTCTCT
C09,IT033,Sbar_33,T6 SE comp,CAGGCG ,CAAGCAGAAGACGGCATACGAGATCGCCTGGTGACTGGAGTTCAGACGTGTGCTCTTCCGATCTGATGTCCACGAGGTCTCT
C10,IT034,Sbar_34,T6 SE comp,CATGGC ,CAAGCAGAAGACGGCATACGAGATGCCATGGTGACTGGAGTTCAGACGTGTGCTCTTCCGATCTGATGTCCACGAGGTCTCT
C11,IT035,Sbar_35,T6 SE comp,CATTTT ,CAAGCAGAAGACGGCATACGAGATAAAATGGTGACTGGAGTTCAGACGTGTGCTCTTCCGATCTGATGTCCACGAGGTCTCT
C12,IT036,Sbar_36,T6 SM comp,CCAACA ,CAAGCAGAAGACGGCATACGAGATTGTTGGGTGACTGGAGTTCAGACGTGTGCTCTTCCGATCTGATGTCCACGAGGTCTCT
D01,IT037,Sbar_37,T6 SM comp,CGGAAT ,CAAGCAGAAGACGGCATACGAGATATTCCGGTGACTGGAGTTCAGACGTGTGCTCTTCCGATCTGATGTCCACGAGGTCTCT
D02,IT038,Sbar_38,T6 SM comp,CTAGCT ,CAAGCAGAAGACGGCATACGAGATAGCTAGGTGACTGGAGTTCAGACGTGTGCTCTTCCGATCTGATGTCCACGAGGTCTCT
D03,IT039,Sbar_39,T6 SM comp,CTATAC ,CAAGCAGAAGACGGCATACGAGATGTATAGGTGACTGGAGTTCAGACGTGTGCTCTTCCGATCTGATGTCCACGAGGTCTCT
D04,IT040,Sbar_40,T6 SM comp,CTCAGA ,CAAGCAGAAGACGGCATACGAGATTCTGAGGTGACTGGAGTTCAGACGTGTGCTCTTCCGATCTGATGTCCACGAGGTCTCT
D05,IT041,Sbar_41,T6 SEM comp,GACGAC ,CAAGCAGAAGACGGCATACGAGATGTCGTCGTGACTGGAGTTCAGACGTGTGCTCTTCCGATCTGATGTCCACGAGGTCTCT
D06,IT042,Sbar_42,T6 SEM comp,TAATCG ,CAAGCAGAAGACGGCATACGAGATCGATTAGTGACTGGAGTTCAGACGTGTGCTCTTCCGATCTGATGTCCACGAGGTCTCT
D07,IT043,Sbar_43,T6 SEM comp,TACAGC ,CAAGCAGAAGACGGCATACGAGATGCTGTAGTGACTGGAGTTCAGACGTGTGCTCTTCCGATCTGATGTCCACGAGGTCTCT
D08,IT044,Sbar_44,T6 SEM comp,TATAAT ,CAAGCAGAAGACGGCATACGAGATATTATAGTGACTGGAGTTCAGACGTGTGCTCTTCCGATCTGATGTCCACGAGGTCTCT
D09,IT045,Sbar_45,T6 SEM comp,TCATTC ,CAAGCAGAAGACGGCATACGAGATGAATGAGTGACTGGAGTTCAGACGTGTGCTCTTCCGATCTGATGTCCACGAGGTCTCT
D10,IT046,Sbar_46,T4 S mut,TCCCGA ,CAAGCAGAAGACGGCATACGAGATTCGGGAGTGACTGGAGTTCAGACGTGTGCTCTTCCGATCTGATGTCCACGAGGTCTCT
D11,IT047,Sbar_47,T4 S mut,TCGAAG ,CAAGCAGAAGACGGCATACGAGATCTTCGAGTGACTGGAGTTCAGACGTGTGCTCTTCCGATCTGATGTCCACGAGGTCTCT
D12,IT048,Sbar_48,T4 S mut,TCGGCA ,CAAGCAGAAGACGGCATACGAGATTGCCGAGTGACTGGAGTTCAGACGTGTGCTCTTCCGATCTGATGTCCACGAGGTCTCT
E01,IT049,Sbar_49,T4 S mut,AAACAT ,CAAGCAGAAGACGGCATACGAGATATGTTTGTGACTGGAGTTCAGACGTGTGCTCTTCCGATCTGATGTCCACGAGGTCTCT
E02,IT050,Sbar_50,T4 S mut,AAAGCA ,CAAGCAGAAGACGGCATACGAGATTGCTTTGTGACTGGAGTTCAGACGTGTGCTCTTCCGATCTGATGTCCACGAGGTCTCT
E03,IT051,Sbar_51,T4 SE mut,AAATGC ,CAAGCAGAAGACGGCATACGAGATGCATTTGTGACTGGAGTTCAGACGTGTGCTCTTCCGATCTGATGTCCACGAGGTCTCT
E04,IT052,Sbar_52,T4 SE mut,AACAAA ,CAAGCAGAAGACGGCATACGAGATTTTGTTGTGACTGGAGTTCAGACGTGTGCTCTTCCGATCTGATGTCCACGAGGTCTCT
E05,IT053,Sbar_53,T4 SE mut,AACTTG ,CAAGCAGAAGACGGCATACGAGATCAAGTTGTGACTGGAGTTCAGACGTGTGCTCTTCCGATCTGATGTCCACGAGGTCTCT
E06,IT054,Sbar_54,T4 SE mut,AAGACT ,CAAGCAGAAGACGGCATACGAGATAGTCTTGTGACTGGAGTTCAGACGTGTGCTCTTCCGATCTGATGTCCACGAGGTCTCT
E07,IT055,Sbar_55,T4 SE mut,AAGCGA ,CAAGCAGAAGACGGCATACGAGATTCGCTTGTGACTGGAGTTCAGACGTGTGCTCTTCCGATCTGATGTCCACGAGGTCTCT
E08,NA,NA,NA,NA,NA
E09,NA,NA,NA,NA,NA
E10,NA,NA,NA,NA,NA
E11,NA,NA,NA,NA,NA
E12,NA,NA,NA,NA,NA